id,slug,title,description,category,price_cents,sale_price_cents,compare_at_cents,sku,inventory_quantity,stock_status,images,variants,tags,featured,best_seller,active,details,care,shipping
hello-kitty-plush-12,soft-plush-costume-hello-kitty-12-inches,Soft-Plush Costume Hello Kitty 12 inch,"Meet the BubbleBud 12 inch Hello Kitty plushie, a snuggly friend crafted with soft, high-quality materials and sweet character details.",Plushies,2699,,3599,BB-HELLO-KITTY-PLUSH-12,25,in_stock,"{""/assets/products/soft-plush-costume-hello-kitty-12-inches/01.jpg"",""/assets/products/soft-plush-costume-hello-kitty-12-inches/02.jpg"",""/assets/products/soft-plush-costume-hello-kitty-12-inches/03.jpg"",""/assets/products/soft-plush-costume-hello-kitty-12-inches/04.jpg"",""/assets/products/soft-plush-costume-hello-kitty-12-inches/05.jpg""}",[],"{""hello kitty"",""plushies"",""sanrio"",""gift"",""doll"",""new""}",true,false,true,"{""12 inch huggable plush size"",""Soft costume-style Hello Kitty design"",""Gift-ready for birthdays, holidays, and just-because surprises"",""Made for beds, desks, cozy corners, and collectors""}",Spot clean gently with a damp cloth. Air dry completely before display or storage.,Ships in 1-3 business days. Delivery timing depends on your location.
laptop-14,quilted-floral-laptop-bag-14x10-inches-zipper-closure,Quilted Floral Laptop Bag 14x10 Inches,"A soft quilted laptop sleeve with a sweet floral print, padded body, and smooth zipper closure for everyday school, work, and travel days.",Accessories,1596,,2567,BB-LAPTOP-14,25,in_stock,"{""/assets/products/quilted-floral-laptop-bag-14x10-inches-zipper-closure/01.jpg"",""/assets/products/quilted-floral-laptop-bag-14x10-inches-zipper-closure/02.jpg"",""/assets/products/quilted-floral-laptop-bag-14x10-inches-zipper-closure/03.jpg"",""/assets/products/quilted-floral-laptop-bag-14x10-inches-zipper-closure/04.jpg"",""/assets/products/quilted-floral-laptop-bag-14x10-inches-zipper-closure/05.jpg"",""/assets/products/quilted-floral-laptop-bag-14x10-inches-zipper-closure/06.jpg"",""/assets/products/quilted-floral-laptop-bag-14x10-inches-zipper-closure/07.jpg"",""/assets/products/quilted-floral-laptop-bag-14x10-inches-zipper-closure/08.jpg""}","[{""name"":""Design"",""options"":[{""label"":""My Melody"",""image"":""/assets/products/quilted-floral-laptop-bag-14x10-inches-zipper-closure/01.jpg"",""images"":[""/assets/products/quilted-floral-laptop-bag-14x10-inches-zipper-closure/01.jpg"",""/assets/products/quilted-floral-laptop-bag-14x10-inches-zipper-closure/06.jpg""]},{""label"":""Teddy Bear"",""image"":""/assets/products/quilted-floral-laptop-bag-14x10-inches-zipper-closure/02.jpg"",""images"":[""/assets/products/quilted-floral-laptop-bag-14x10-inches-zipper-closure/02.jpg"",""/assets/products/quilted-floral-laptop-bag-14x10-inches-zipper-closure/07.jpg""]},{""label"":""Cinnamoroll"",""image"":""/assets/products/quilted-floral-laptop-bag-14x10-inches-zipper-closure/03.jpg"",""images"":[""/assets/products/quilted-floral-laptop-bag-14x10-inches-zipper-closure/03.jpg"",""/assets/products/quilted-floral-laptop-bag-14x10-inches-zipper-closure/08.jpg""]},{""label"":""Pink Ribbon"",""image"":""/assets/products/quilted-floral-laptop-bag-14x10-inches-zipper-closure/04.jpg"",""images"":[""/assets/products/quilted-floral-laptop-bag-14x10-inches-zipper-closure/04.jpg""]},{""label"":""Bunny"",""image"":""/assets/products/quilted-floral-laptop-bag-14x10-inches-zipper-closure/05.jpg"",""images"":[""/assets/products/quilted-floral-laptop-bag-14x10-inches-zipper-closure/05.jpg""]}]}]","{""laptop"",""bag"",""floral"",""accessories"",""best seller""}",false,true,true,"{""14 x 10 inch fit"",""Padded quilted fabric"",""Secure top zipper"",""Lightweight floral exterior""}",Spot clean gently with a damp cloth and air dry flat.,Ships in 1-3 business days. Delivery timing depends on your region.
makeup-8,portable-makeup-bag-travel-cosmetic-bag-8-inches,Portable Makeup Bag Travel Cosmetic Bag,"A compact travel cosmetic pouch made for little essentials: lip balm, gloss, skincare minis, brushes, and the tiny things that disappear in bigger bags.",Beauty,1576,,2367,BB-MAKEUP-8,25,in_stock,"{""/assets/products/portable-makeup-bag-travel-cosmetic-bag-8-inches/01.png"",""/assets/products/portable-makeup-bag-travel-cosmetic-bag-8-inches/02.png"",""/assets/products/portable-makeup-bag-travel-cosmetic-bag-8-inches/03.png"",""/assets/products/portable-makeup-bag-travel-cosmetic-bag-8-inches/04.png"",""/assets/products/portable-makeup-bag-travel-cosmetic-bag-8-inches/05.png"",""/assets/products/portable-makeup-bag-travel-cosmetic-bag-8-inches/06.png"",""/assets/products/portable-makeup-bag-travel-cosmetic-bag-8-inches/07.png"",""/assets/products/portable-makeup-bag-travel-cosmetic-bag-8-inches/08.png"",""/assets/products/portable-makeup-bag-travel-cosmetic-bag-8-inches/09.png"",""/assets/products/portable-makeup-bag-travel-cosmetic-bag-8-inches/10.png""}","[{""name"":""Design"",""options"":[{""label"":""Cherry"",""image"":""/assets/products/portable-makeup-bag-travel-cosmetic-bag-8-inches/01.png"",""images"":[""/assets/products/portable-makeup-bag-travel-cosmetic-bag-8-inches/01.png""]},{""label"":""Pink Peony"",""image"":""/assets/products/portable-makeup-bag-travel-cosmetic-bag-8-inches/02.png"",""images"":[""/assets/products/portable-makeup-bag-travel-cosmetic-bag-8-inches/02.png""]},{""label"":""Pink Floral"",""image"":""/assets/products/portable-makeup-bag-travel-cosmetic-bag-8-inches/03.png"",""images"":[""/assets/products/portable-makeup-bag-travel-cosmetic-bag-8-inches/03.png""]},{""label"":""Teddy Bear"",""image"":""/assets/products/portable-makeup-bag-travel-cosmetic-bag-8-inches/04.png"",""images"":[""/assets/products/portable-makeup-bag-travel-cosmetic-bag-8-inches/04.png""]},{""label"":""Springknows"",""image"":""/assets/products/portable-makeup-bag-travel-cosmetic-bag-8-inches/05.png"",""images"":[""/assets/products/portable-makeup-bag-travel-cosmetic-bag-8-inches/05.png""]},{""label"":""Pink Ribbon"",""image"":""/assets/products/portable-makeup-bag-travel-cosmetic-bag-8-inches/06.png"",""images"":[""/assets/products/portable-makeup-bag-travel-cosmetic-bag-8-inches/06.png"",""/assets/products/portable-makeup-bag-travel-cosmetic-bag-8-inches/08.png""]},{""label"":""Pink Bowknot"",""image"":""/assets/products/portable-makeup-bag-travel-cosmetic-bag-8-inches/07.png"",""images"":[""/assets/products/portable-makeup-bag-travel-cosmetic-bag-8-inches/07.png"",""/assets/products/portable-makeup-bag-travel-cosmetic-bag-8-inches/09.png"",""/assets/products/portable-makeup-bag-travel-cosmetic-bag-8-inches/10.png""]}]}]","{""makeup"",""beauty"",""travel"",""pouch"",""new""}",true,false,true,"{""8 inch travel size"",""Soft quilted pouch"",""Roomy single compartment"",""Easy-grip zipper pull""}",Wipe clean with mild soap. Do not machine wash.,Ships in 1-3 business days with tracking after fulfillment.
purple-bouquet,crochet-rose-flower-bouquet-gift-with-fairy-lights-16-inches,Crochet Rose Flower Bouquet with Fairy Lights,"A handmade-style crochet rose bouquet wrapped as a keepsake gift. It gives the feeling of fresh flowers, without the wilting.",Lifestyle,4999,,5564,BB-PURPLE-BOUQUET,25,in_stock,"{""/assets/products/crochet-rose-flower-bouquet-gift-for-valentines-day-mothers-day-birthday-wedding-home-decor-handmade-artificial-knitting-flowers-decoration-colorful/01.jpg"",""/assets/products/crochet-rose-flower-bouquet-gift-for-valentines-day-mothers-day-birthday-wedding-home-decor-handmade-artificial-knitting-flowers-decoration-colorful/02.jpg"",""/assets/products/crochet-rose-flower-bouquet-gift-for-valentines-day-mothers-day-birthday-wedding-home-decor-handmade-artificial-knitting-flowers-decoration-colorful/03.jpg"",""/assets/products/crochet-rose-flower-bouquet-gift-for-valentines-day-mothers-day-birthday-wedding-home-decor-handmade-artificial-knitting-flowers-decoration-colorful/04.jpg"",""/assets/products/crochet-rose-flower-bouquet-gift-for-valentines-day-mothers-day-birthday-wedding-home-decor-handmade-artificial-knitting-flowers-decoration-colorful/05.png"",""/assets/products/crochet-rose-flower-bouquet-gift-for-valentines-day-mothers-day-birthday-wedding-home-decor-handmade-artificial-knitting-flowers-decoration-colorful/06.png"",""/assets/products/crochet-rose-flower-bouquet-gift-for-valentines-day-mothers-day-birthday-wedding-home-decor-handmade-artificial-knitting-flowers-decoration-colorful/07.jpg"",""/assets/products/crochet-rose-flower-bouquet-gift-for-valentines-day-mothers-day-birthday-wedding-home-decor-handmade-artificial-knitting-flowers-decoration-colorful/08.jpg"",""/assets/products/crochet-rose-flower-bouquet-gift-for-valentines-day-mothers-day-birthday-wedding-home-decor-handmade-artificial-knitting-flowers-decoration-colorful/09.jpg"",""/assets/products/crochet-rose-flower-bouquet-gift-for-valentines-day-mothers-day-birthday-wedding-home-decor-handmade-artificial-knitting-flowers-decoration-colorful/10.jpg"",""/assets/products/crochet-rose-flower-bouquet-gift-for-valentines-day-mothers-day-birthday-wedding-home-decor-handmade-artificial-knitting-flowers-decoration-colorful/11.jpg""}","[{""name"":""Color"",""options"":[{""label"":""Purple"",""image"":""/assets/products/crochet-rose-flower-bouquet-gift-for-valentines-day-mothers-day-birthday-wedding-home-decor-handmade-artificial-knitting-flowers-decoration-colorful/01.jpg"",""images"":[""/assets/products/crochet-rose-flower-bouquet-gift-for-valentines-day-mothers-day-birthday-wedding-home-decor-handmade-artificial-knitting-flowers-decoration-colorful/01.jpg"",""/assets/products/crochet-rose-flower-bouquet-gift-for-valentines-day-mothers-day-birthday-wedding-home-decor-handmade-artificial-knitting-flowers-decoration-colorful/02.jpg"",""/assets/products/crochet-rose-flower-bouquet-gift-for-valentines-day-mothers-day-birthday-wedding-home-decor-handmade-artificial-knitting-flowers-decoration-colorful/03.jpg""]},{""label"":""Pink"",""image"":""/assets/products/crochet-rose-flower-bouquet-gift-for-valentines-day-mothers-day-birthday-wedding-home-decor-handmade-artificial-knitting-flowers-decoration-colorful/04.jpg"",""images"":[""/assets/products/crochet-rose-flower-bouquet-gift-for-valentines-day-mothers-day-birthday-wedding-home-decor-handmade-artificial-knitting-flowers-decoration-colorful/04.jpg"",""/assets/products/crochet-rose-flower-bouquet-gift-for-valentines-day-mothers-day-birthday-wedding-home-decor-handmade-artificial-knitting-flowers-decoration-colorful/05.png""]},{""label"":""Red"",""image"":""/assets/products/crochet-rose-flower-bouquet-gift-for-valentines-day-mothers-day-birthday-wedding-home-decor-handmade-artificial-knitting-flowers-decoration-colorful/06.png"",""images"":[""/assets/products/crochet-rose-flower-bouquet-gift-for-valentines-day-mothers-day-birthday-wedding-home-decor-handmade-artificial-knitting-flowers-decoration-colorful/06.png"",""/assets/products/crochet-rose-flower-bouquet-gift-for-valentines-day-mothers-day-birthday-wedding-home-decor-handmade-artificial-knitting-flowers-decoration-colorful/07.jpg""]},{""label"":""Blue"",""image"":""/assets/products/crochet-rose-flower-bouquet-gift-for-valentines-day-mothers-day-birthday-wedding-home-decor-handmade-artificial-knitting-flowers-decoration-colorful/08.jpg"",""images"":[""/assets/products/crochet-rose-flower-bouquet-gift-for-valentines-day-mothers-day-birthday-wedding-home-decor-handmade-artificial-knitting-flowers-decoration-colorful/08.jpg"",""/assets/products/crochet-rose-flower-bouquet-gift-for-valentines-day-mothers-day-birthday-wedding-home-decor-handmade-artificial-knitting-flowers-decoration-colorful/09.jpg""]}]}]","{""bouquet"",""gift"",""flowers"",""lifestyle"",""fairy lights""}",false,false,true,"{""Approx. 16 inches tall"",""Crochet rose blooms"",""Gift-ready wrapping"",""Warm fairy light accent""}",Keep dry and dust lightly. Remove or protect batteries before storage.,Made with care and packed securely before shipping.
small-bouquet,crochet-rose-flower-bouquet-small,Crochet Rose Flower Bouquet Gift - Small,"A petite crochet flower bouquet for desks, birthdays, care packages, and everyday reminders that someone is loved.",Lifestyle,1299,,1979,BB-SMALL-BOUQUET,25,in_stock,"{""/assets/products/crochet-rose-flower-bouquet-small/01.jpg"",""/assets/products/crochet-rose-flower-bouquet-small/02.jpg"",""/assets/products/crochet-rose-flower-bouquet-small/03.jpg"",""/assets/products/crochet-rose-flower-bouquet-small/04.jpg"",""/assets/products/crochet-rose-flower-bouquet-small/05.jpg"",""/assets/products/crochet-rose-flower-bouquet-small/06.jpg""}","[{""name"":""Color"",""options"":[{""label"":""Pink"",""image"":""/assets/products/crochet-rose-flower-bouquet-small/01.jpg"",""images"":[""/assets/products/crochet-rose-flower-bouquet-small/01.jpg"",""/assets/products/crochet-rose-flower-bouquet-small/02.jpg"",""/assets/products/crochet-rose-flower-bouquet-small/03.jpg""]},{""label"":""Red"",""image"":""/assets/products/crochet-rose-flower-bouquet-small/04.jpg"",""images"":[""/assets/products/crochet-rose-flower-bouquet-small/04.jpg"",""/assets/products/crochet-rose-flower-bouquet-small/05.jpg"",""/assets/products/crochet-rose-flower-bouquet-small/06.jpg""]}]}]","{""bouquet"",""gift"",""flowers"",""small"",""home""}",false,false,true,"{""Small hand-held size"",""Crochet flower arrangement"",""Decorative paper wrap"",""Lightweight keepsake gift""}",Keep away from water and direct heat. Dust gently when needed.,Ships carefully wrapped to help protect the bouquet shape.
night-light,bubblebud-3d-led-night-light-with-erasable-pen,BubbleBud 3D LED Night Light,"A cute acrylic LED night light with a write-on surface, perfect for desk notes, bedside reminders, and small glowing messages.",Tech,764,,2999,BB-NIGHT-LIGHT,25,in_stock,"{""/assets/products/bubblebud-3d-led-night-light-with-erasable-pen/01.jpg"",""/assets/products/bubblebud-3d-led-night-light-with-erasable-pen/02.jpg"",""/assets/products/bubblebud-3d-led-night-light-with-erasable-pen/03.jpg"",""/assets/products/bubblebud-3d-led-night-light-with-erasable-pen/04.jpg"",""/assets/products/bubblebud-3d-led-night-light-with-erasable-pen/05.jpg"",""/assets/products/bubblebud-3d-led-night-light-with-erasable-pen/06.jpg"",""/assets/products/bubblebud-3d-led-night-light-with-erasable-pen/07.jpg"",""/assets/products/bubblebud-3d-led-night-light-with-erasable-pen/08.jpg"",""/assets/products/bubblebud-3d-led-night-light-with-erasable-pen/09.jpg"",""/assets/products/bubblebud-3d-led-night-light-with-erasable-pen/10.jpg"",""/assets/products/bubblebud-3d-led-night-light-with-erasable-pen/11.jpg"",""/assets/products/bubblebud-3d-led-night-light-with-erasable-pen/12.jpg"",""/assets/products/bubblebud-3d-led-night-light-with-erasable-pen/13.jpg"",""/assets/products/bubblebud-3d-led-night-light-with-erasable-pen/14.jpg"",""/assets/products/bubblebud-3d-led-night-light-with-erasable-pen/15.jpg""}","[{""name"":""Style"",""options"":[{""label"":""Snowy Love"",""image"":""/assets/products/bubblebud-3d-led-night-light-with-erasable-pen/01.jpg"",""images"":[""/assets/products/bubblebud-3d-led-night-light-with-erasable-pen/01.jpg"",""/assets/products/bubblebud-3d-led-night-light-with-erasable-pen/02.jpg"",""/assets/products/bubblebud-3d-led-night-light-with-erasable-pen/03.jpg""]},{""label"":""Lucky Love"",""image"":""/assets/products/bubblebud-3d-led-night-light-with-erasable-pen/04.jpg"",""images"":[""/assets/products/bubblebud-3d-led-night-light-with-erasable-pen/04.jpg"",""/assets/products/bubblebud-3d-led-night-light-with-erasable-pen/05.jpg"",""/assets/products/bubblebud-3d-led-night-light-with-erasable-pen/06.jpg""]},{""label"":""Kitty"",""image"":""/assets/products/bubblebud-3d-led-night-light-with-erasable-pen/07.jpg"",""images"":[""/assets/products/bubblebud-3d-led-night-light-with-erasable-pen/07.jpg"",""/assets/products/bubblebud-3d-led-night-light-with-erasable-pen/08.jpg"",""/assets/products/bubblebud-3d-led-night-light-with-erasable-pen/09.jpg""]},{""label"":""Circle"",""image"":""/assets/products/bubblebud-3d-led-night-light-with-erasable-pen/10.jpg"",""images"":[""/assets/products/bubblebud-3d-led-night-light-with-erasable-pen/10.jpg"",""/assets/products/bubblebud-3d-led-night-light-with-erasable-pen/11.jpg"",""/assets/products/bubblebud-3d-led-night-light-with-erasable-pen/12.jpg""]},{""label"":""Irregular"",""image"":""/assets/products/bubblebud-3d-led-night-light-with-erasable-pen/13.jpg"",""images"":[""/assets/products/bubblebud-3d-led-night-light-with-erasable-pen/13.jpg"",""/assets/products/bubblebud-3d-led-night-light-with-erasable-pen/14.jpg"",""/assets/products/bubblebud-3d-led-night-light-with-erasable-pen/15.jpg""]}]}]","{""night light"",""tech"",""desk"",""led"",""sale""}",false,false,true,"{""LED acrylic display"",""Includes erasable pen"",""USB-powered base"",""Soft room-friendly glow""}",Clean acrylic with a microfiber cloth. Use only dry-erase style markers.,Ships in 1-3 business days. USB cable included when available.
makeup-9,makeup-bag-9-inches-travel-cosmetic-bag-for-women,Makeup Bag 9-Inches Travel Cosmetic Bag,"A slightly larger travel pouch with a soft quilted look and enough room for daily cosmetics, skincare, and small accessories.",Beauty,1682,,,BB-MAKEUP-9,25,in_stock,"{""/assets/products/makeup-bag-9-inches-travel-cosmetic-bag-for-women/01.png"",""/assets/products/makeup-bag-9-inches-travel-cosmetic-bag-for-women/02.jpg"",""/assets/products/makeup-bag-9-inches-travel-cosmetic-bag-for-women/03.png"",""/assets/products/makeup-bag-9-inches-travel-cosmetic-bag-for-women/04.jpg"",""/assets/products/makeup-bag-9-inches-travel-cosmetic-bag-for-women/05.png""}",[],"{""makeup"",""beauty"",""travel"",""cosmetic"",""bag""}",false,false,true,"{""9 inch travel size"",""Quilted soft-sided body"",""Zipper closure"",""Great for bags, drawers, and carry-ons""}",Spot clean only. Let dry completely before use.,Ships in 1-3 business days from the current store stock.
laptop-12,quilted-floral-laptop-bag-12x10-inches-zipper-closure,Quilted Floral Laptop Bag 12x10 Inches,"A floral quilted sleeve for smaller laptops and tablets, built to keep tech tidy without losing the soft BubbleBud look.",Accessories,2287,,,BB-LAPTOP-12,4,low_stock,"{""/assets/products/quilted-floral-laptop-bag-12x10-inches-zipper-closure/01.jpg"",""/assets/products/quilted-floral-laptop-bag-12x10-inches-zipper-closure/02.jpg"",""/assets/products/quilted-floral-laptop-bag-12x10-inches-zipper-closure/03.jpg"",""/assets/products/quilted-floral-laptop-bag-12x10-inches-zipper-closure/04.jpg"",""/assets/products/quilted-floral-laptop-bag-12x10-inches-zipper-closure/05.jpg"",""/assets/products/quilted-floral-laptop-bag-12x10-inches-zipper-closure/06.jpg""}","[{""name"":""Design"",""options"":[{""label"":""Pink Floral"",""image"":""/assets/products/quilted-floral-laptop-bag-12x10-inches-zipper-closure/01.jpg"",""images"":[""/assets/products/quilted-floral-laptop-bag-12x10-inches-zipper-closure/01.jpg"",""/assets/products/quilted-floral-laptop-bag-12x10-inches-zipper-closure/02.jpg"",""/assets/products/quilted-floral-laptop-bag-12x10-inches-zipper-closure/03.jpg""]},{""label"":""Springknows"",""image"":""/assets/products/quilted-floral-laptop-bag-12x10-inches-zipper-closure/04.jpg"",""images"":[""/assets/products/quilted-floral-laptop-bag-12x10-inches-zipper-closure/04.jpg"",""/assets/products/quilted-floral-laptop-bag-12x10-inches-zipper-closure/05.jpg"",""/assets/products/quilted-floral-laptop-bag-12x10-inches-zipper-closure/06.jpg""]}]}]","{""laptop"",""tablet"",""bag"",""accessories"",""floral""}",false,false,true,"{""12 x 10 inch fit"",""Padded floral quilting"",""Smooth zipper closure"",""Slim enough for backpacks""}",Spot clean gently and avoid soaking the padding.,Ships in 1-3 business days. Packed flat where possible.
flower-lights-11,crochet-rose-flower-bouquet-with-fairy-lights-11-inches,Crochet Rose Flower Bouquet with Fairy Lights,"A mini crochet rose bouquet with a gentle light accent, made for shelves, bedside tables, dorm rooms, and thoughtful gifting.",Home Essentials,1789,,,BB-FLOWER-LIGHTS-11,25,in_stock,"{""/assets/products/crochet-rose-flower-bouquet-with-fairy-lights-11-inches/01.jpg"",""/assets/products/crochet-rose-flower-bouquet-with-fairy-lights-11-inches/02.jpg"",""/assets/products/crochet-rose-flower-bouquet-with-fairy-lights-11-inches/03.jpg"",""/assets/products/crochet-rose-flower-bouquet-with-fairy-lights-11-inches/04.jpg"",""/assets/products/crochet-rose-flower-bouquet-with-fairy-lights-11-inches/05.jpg"",""/assets/products/crochet-rose-flower-bouquet-with-fairy-lights-11-inches/06.jpg"",""/assets/products/crochet-rose-flower-bouquet-with-fairy-lights-11-inches/07.jpg"",""/assets/products/crochet-rose-flower-bouquet-with-fairy-lights-11-inches/08.jpg""}",[],"{""flowers"",""gift"",""home"",""lights"",""trending""}",true,false,true,"{""Approx. 11 inches tall"",""Crochet flower stems"",""Decorative wrap"",""Optional fairy light styling""}",Keep dry and store away from heavy objects to preserve the bouquet shape.,Ships securely wrapped to reduce bending during transit.
